Brand,Processor Type,Operating System,RAM Type,RAM Size,Disc Type,Disc Size,MRP
Lenovo,Intel Core i3,Windows 11,DDR4,8GB,SSD,256GB,36990
Lenovo,Intel Core i3,Windows 11,DDR4,8GB,SSD,512GB,39990
ASUS,Intel Core i3,Windows 11,DDR4,8GB,SSD,512GB,32990
HP,AMD Ryzen 5 Hexa Core,Windows 10,DDR4,8GB,SSD,512GB,49990
ASUS,Intel Core i5,Windows 11,DDR4,8GB,SSD,512GB,49990
HP,Intel Core i3,Windows 11,DDR4,8GB,SSD,256GB,36990
DELL,Intel i3-1115G4,Windows 11,DDR4,8GB,HDD,1TB,38990
RedmiBook,Intel Core i5,Windows 11,DDR4,8GB,SSD,512GB,39990
realme,Intel Core i3,Windows 10,DDR4,8GB,SSD,256GB,46990
ASUS,AMD Ryzen 7 Quad Core,Windows 11,DDR4,16GB,SSD,512GB,44990
HP,AMD Ryzen 5 Hexa Core,Windows 11,DDR4,8GB,SSD,512GB,59990
Lenovo,AMD Ryzen 5 Quad Core,Windows 11,DDR4,8GB,SSD,512GB,38705
ASUS,Intel Core i3,Windows 11,DDR4,8GB,SSD,256GB,32990
ASUS,AMD Ryzen 5 Hexa Core,Windows 11,DDR4,8GB,SSD,512GB,52990
acer,Intel Core i3,Windows 11,DDR4,8GB,SSD,256GB,29990
ASUS,AMD Ryzen 9 Octa Core,Windows 11,DDR5,16GB,SSD,1TB,196990
ASUS,Intel Core i5,Windows 11,DDR4,8GB,HDD,1TB,47990
ASUS,Intel Core i5,Windows 11,DDR4,8GB,SSD,512GB,45990
MSI,AMD Ryzen 5 Hexa Core,Windows 11,DDR4,8GB,SSD,512GB,47990
ASUS,AMD Ryzen 7 Octa Core,Windows 11,DDR4,16GB,SSD,1TB,85990
APPLE,Apple M1,Mac,DDR4,8GB,SSD,256GB,88990
HP,Intel Core i3,Windows 11,DDR4,8GB,SSD,512GB,40990
Lenovo,Intel Celeron Dual Core,Mac,LPDDR4,4GB,HDD,256GB,19490
Lenovo,AMD Ryzen 3 Dual Core,Windows 11,DDR4,8GB,SSD,512GB,35590
HP,Intel Core i5,Windows 11,DDR4,8GB,SSD,512GB,65990
RedmiBook,Intel Core i5,Windows 11,DDR4,8GB,SSD,512GB,39990
Lenovo,Intel Core i3,Windows 11,DDR4,8GB,SSD,512GB,39990
ASUS,AMD Ryzen 9 Octa Core,Windows 11,DDR5,16GB,SSD,1TB,196990
acer,Intel Core i5,Windows 11,DDR4,16GB,SSD,512GB,58990
realme,Intel Core i3,Windows 10,DDR4,8GB,SSD,256GB,46990
Lenovo,AMD Ryzen 5 Quad Core,Windows 11,DDR4,8GB,SSD,512GB,38705
ASUS,AMD Ryzen 7 Octa Core,Windows 11,DDR4,16GB,SSD,1TB,85990
acer,AMD Ryzen 3 Dual Core,Windows 11,DDR4,8GB,SSD,256GB,24990
acer,AMD Ryzen 5 Hexa Core,Windows 11,DDR4,8GB,SSD,512GB,47990
ASUS,AMD Ryzen 7 Octa Core,Windows 11,DDR4,8GB,SSD,512GB,73990
Lenovo,Intel Core i5,Windows 11,DDR4,8GB,SSD,512GB,53490
Lenovo,AMD Ryzen 3 Dual Core,Windows 11,DDR4,8GB,SSD,512GB,35590
ASUS,AMD Ryzen 9 Octa Core,Windows 11,DDR4,16GB,SSD,1TB,150990
Lenovo,Intel Core i5,Windows 11,DDR4,8GB,SSD,512GB,51990
ASUS,Intel Core i5,Windows 11,DDR4,16GB,SSD,512GB,66990
Lenovo,Intel Core i3,Windows 11,DDR4,8GB,SSD,256GB,36990
ASUS,AMD Ryzen 9 Octa Core,Windows 11,DDR5,16GB,SSD,1TB,194990
acer,AMD Ryzen 5 Hexa Core,Windows 11,DDR4,16GB,SSD,512GB,51990
HP,AMD Athlon Dual Core,Windows 11,DDR4,8GB,SSD,256GB,25990
acer,AMD Ryzen 5 Quad Core,Windows 11,DDR4,8GB,SSD,512GB,35990
ASUS,Intel Core i5,Windows 11,DDR4,8GB,SSD,512GB,43990
Lenovo,AMD Ryzen 5 Hexa Core,Windows 11,DDR4,8GB,SSD,512GB,44990
Lenovo,AMD Ryzen 5 Hexa Core,Windows 11,DDR4,8GB,SSD,512GB,64490
ASUS,Intel Core i3,Windows 11,DDR4,8GB,SSD,256GB,40990
ASUS,Intel Core i3,Windows 11,DDR4,8GB,SSD,512GB,38990
Lenovo,Intel Core i3,Windows 11,DDR4,8GB,SSD,256GB,36990
RedmiBook,Intel Core i5,Windows 11,DDR4,8GB,SSD,512GB,39990
HP,Intel Core i5,Windows 11,DDR4,8GB,SSD,512GB,58990
realme,Intel Evo Core i5,Windows 10,DDR4,8GB,SSD,512GB,59990
acer,Intel Core i5,Windows 10,DDR4,8GB,SSD,512GB,47990
HP,AMD Ryzen 3 Quad Core,Windows 11,DDR4,8GB,SSD,512GB,37499
ASUS,AMD Ryzen 9 Octa Core,Windows 11,DDR5,16GB,SSD,1TB,196990
Lenovo,AMD Ryzen 5 Quad Core,Windows 11,DDR4,8GB,SSD,512GB,38705
ASUS,AMD Ryzen 9 Octa Core,Windows 10,DDR4,8GB,SSD,1TB,94990
ASUS,Intel Core i3,Windows 11,DDR4,8GB,SSD,512GB,32990
ASUS,AMD Ryzen 7 Octa Core,Windows 11,DDR4,16GB,SSD,1TB,85990
Lenovo,AMD Ryzen 3 Dual Core,Windows 11,DDR4,8GB,SSD,512GB,35590
ASUS,Intel Celeron Dual Core,Windows 11,DDR4,4GB,SSD,256GB,23990
HP,AMD Ryzen 5 Hexa Core,Windows 11,DDR4,16GB,SSD,512GB,48990
APPLE,Apple M2,Mac,Unified,8GB,SSD,512GB,139990
ASUS,AMD Ryzen 7 Octa Core,Windows 11,DDR4,16GB,SSD,512GB,89990
ASUS,AMD Ryzen 9 Octa Core,Windows 11,DDR4,16GB,SSD,1TB,150990
Lenovo,Intel Core i3,Windows 11,DDR4,8GB,SSD,512GB,39990
ASUS,AMD Ryzen 5 Hexa Core,Windows 11,DDR4,8GB,SSD,1TB,59990
DELL,AMD Ryzen R5-5600H,Windows 11,DDR4,16GB,SSD,512GB,70990
ASUS,AMD Ryzen 9 Octa Core,Windows 11,DDR5,16GB,SSD,1TB,194990
Lenovo,AMD Ryzen 5 Hexa Core,Windows 11,DDR4,8GB,SSD,512GB,44990
Infinix,Intel Celeron Quad Core,Windows 11,LPDDR4X,8GB,SSD,256GB,22990
HP,AMD Ryzen 5 Hexa Core,Windows 11,DDR4,8GB,SSD,512GB,46990
ASUS,Intel Core i5,Windows 10,DDR4,8GB,HDD,1TB,50990
Infinix,Intel Core i3,Windows 11,LPDDR4X,8GB,SSD,256GB,28990
RedmiBook,Intel Core i5,Windows 11,DDR4,8GB,SSD,512GB,39990
Lenovo,AMD Ryzen 5 Quad Core,Windows 11,DDR4,8GB,SSD,512GB,38705
MSI,Intel Core i7,Windows 10,DDR4,16GB,SSD,512GB,84990
APPLE,Apple M1 Pro,Mac,Unified,16GB,SSD,512GB,181990
ASUS,AMD Ryzen 9 Octa Core,Windows 11,DDR5,16GB,SSD,1TB,196990
ASUS,AMD Ryzen 7 Octa Core,Windows 11,DDR4,16GB,SSD,1TB,85990
MSI,AMD Ryzen 9 Octa Core,Windows 11,DDR4,16GB,SSD,1TB,109990
SAMSUNG,Qualcomm Snapdragon 7c Gen 2,Windows 11,LPDDR4X,4GB,EMMC,128GB,32990
Infinix,Intel Core i5,Windows 11,LPDDR4X,16GB,SSD,512GB,37990
APPLE,Apple M2,Mac,Unified,8GB,SSD,512GB,139990
Lenovo,AMD Ryzen 3 Dual Core,Windows 11,DDR4,8GB,SSD,512GB,35590
ASUS,AMD Ryzen 9 Octa Core,Windows 11,DDR4,16GB,SSD,1TB,150990
Lenovo,Intel Core i3,Windows 11,DDR4,4GB,SSD,256GB,29990
Lenovo,Intel Celeron Dual Core,Chrome,DDR4,4GB,EMMC,64GB,19490
Lenovo,Intel Core i3,Windows 11,DDR4,8GB,SSD,256GB,36990
Lenovo,AMD Ryzen 7 Octa Core,Windows 11,DDR4,8GB,SSD,512GB,73490
ASUS,AMD Ryzen 5 Hexa Core,Windows 11,DDR4,8GB,HDD,1TB,52990
HP,Intel Core i3,Windows 11,DDR4,8GB,SSD,512GB,41890
DELL,Intel PQC-N5030,Windows 11,DDR4,8GB,SSD,256GB,30428
acer,Intel Core i3,Windows 11,DDR4,8GB,SSD,512GB,34990
Lenovo,Intel Celeron Dual Core,Chrome,DDR4,4GB,EMMC,64GB,19490
Lenovo,Intel Core i3,Windows 11,DDR4,4GB,SSD,256GB,29990
APPLE,Apple M1,Mac,DDR4,8GB,SSD,256GB,88990
Lenovo,Intel Core i3,Windows 11,DDR4,8GB,SSD,256GB,36990
MSI,Intel Core i7,Windows 10,DDR4,8GB,SSD,512GB,65990
ASUS,Intel Core i3,Windows 11,DDR4,8GB,SSD,512GB,33490
HP,Intel Core i5,Windows 11,DDR4,16GB,SSD,512GB,60990
Lenovo,Intel Core i3,Windows 11,DDR4,8GB,SSD,512GB,39990
HP,AMD Ryzen 5 Hexa Core,Windows 11,DDR4,8GB,SSD,512GB,46990
ASUS,AMD Ryzen 7 Octa Core,Windows 11,DDR4,16GB,SSD,512GB,59990
MSI,Intel Core i7,Windows 10,DDR4,16GB,SSD,1TB,114990
RedmiBook,Intel Core i5,Windows 11,DDR4,8GB,SSD,512GB,39990
ASUS,Intel Core i7,Windows 10,DDR4,16GB,SSD,1TB,119990
Infinix,Intel Core i5,Windows 11,LPDDR4X,8GB,SSD,512GB,42990
ASUS,Intel Core i5,Windows 11,LPDDR5,16GB,SSD,512GB,89990
Lenovo,AMD Ryzen 5 Quad Core,Windows 11,DDR4,8GB,SSD,512GB,38705
MSI,AMD Ryzen 7 Octa Core,Windows 11,DDR4,8GB,SSD,512GB,79990
ASUS,Intel Core i5,Windows 11,DDR4,8GB,SSD,1TB,70990
Lenovo,Intel Core i3,Windows 11,DDR4,8GB,SSD,256GB,33900
ASUS,AMD Ryzen 9 Octa Core,Windows 11,DDR5,16GB,SSD,1TB,196990
realme,Gen Intel Evo Core i5,Windows 10,DDR4,8GB,SSD,512GB,59990
Infinix,Intel Core i7,Windows 11,LPDDR4X,16GB,SSD,512GB,52990
APPLE,Apple M1,Mac,DDR4,16GB,SSD,512GB,124990
ASUS,AMD Ryzen 7 Octa Core,Windows 11,DDR4,16GB,SSD,1TB,85990
RedmiBook,Intel Core i3,Windows 11,DDR4,8GB,SSD,256GB,31990
acer,AMD Ryzen 5 Hexa Core,Windows 11,DDR4,16GB,SSD,512GB,66990
DELL,AMD Ryzen 7 Octa Core,Windows 11,DDR4,16GB,SSD,512GB,89081
Lenovo,Intel Core i3,Windows 11,DDR4,8GB,SSD,256GB,36990
APPLE,Apple M1,Mac,DDR4,8GB,SSD,512GB,104990
Lenovo,Intel Core i5,Windows 11,DDR4,8GB,SSD,512GB,53490
ASUS,Intel Core i3,Windows 11,LPDDR4X,8GB,SSD,256GB,45990
Lenovo,Intel Core i3,Windows 11,DDR4,8GB,SSD,512GB,39990
ASUS,Intel Core i3,Windows 11,DDR4,8GB,SSD,512GB,45990
MSI,Intel Core i5,Windows 11,DDR4,8GB,SSD,512GB,51990
HP,AMD Ryzen 7 Octa Core,Windows 11,DDR4,16GB,SSD,512GB,75990
RedmiBook,Intel Core i5,Windows 11,DDR4,8GB,SSD,512GB,39990
Lenovo,Intel Core i3,Windows 11,DDR4,8GB,SSD,256GB,36990
HP,Intel Core i5,Windows 11,DDR4,16GB,SSD,512GB,78800
HP,AMD Athlon Dual Core,Windows 11,DDR4,8GB,SSD,512GB,29390
Lenovo,AMD Ryzen 5 Quad Core,Windows 11,DDR4,8GB,SSD,512GB,38705
Infinix,Intel Core i3,Windows 11,LPDDR4X,8GB,SSD,256GB,30990
Lenovo,Intel Core i5,Windows 11,DDR4,16GB,SSD,512GB,62490
ASUS,Intel Core i7,Windows 11,DDR4,16GB,SSD,512GB,89990
ASUS,AMD Ryzen 9 Octa Core,Windows 11,DDR5,16GB,SSD,1TB,196990
HP,Intel Core i5,Windows 11,DDR4,8GB,SSD,512GB,58899
MSI,Intel Core i5,Windows 11,DDR4,16GB,SSD,512GB,85990
DELL,AMD Ryzen 3 Dual Core,Windows 11,DDR4,8GB,HDD,1TB,33099
ASUS,AMD Ryzen 7 Octa Core,Windows 11,DDR4,16GB,SSD,1TB,85990
Lenovo,AMD Ryzen 7 Octa Core,Windows 11,DDR4,8GB,SSD,512GB,73490
Lenovo,Intel Core i5,Windows 11,DDR4,8GB,HDD,1TB,63490
Lenovo,Intel Core i3,Windows 11,DDR4,8GB,SSD,256GB,36990
Lenovo,Intel Core i3,Windows 11,DDR4,8GB,SSD,512GB,39990
ASUS,AMD Ryzen 5 Quad Core,Windows 11,DDR4,8GB,SSD,512GB,38990
HP,Intel Core i5,Windows 11,DDR4,8GB,SSD,512GB,67990
RedmiBook,Intel Core i5,Windows 11,DDR4,8GB,SSD,512GB,39990
ASUS,AMD Ryzen 9 Octa Core,Windows 11,DDR5,16GB,SSD,1TB,196990
HP,Intel Core i3,Windows 11,DDR4,8GB,SSD,512GB,39790
APPLE,Apple M1 Pro,Mac,Unified,16GB,SSD,1TB,241990
APPLE,Apple M1,Mac,DDR4,8GB,SSD,512GB,104990
DELL,AMD Ryzen 3 Dual Core,Windows 11,DDR4,8GB,SSD,512GB,42190
Lenovo,AMD Ryzen 5 Quad Core,Windows 11,DDR4,8GB,SSD,512GB,38705
ASUS,AMD Ryzen 7 Octa Core,Windows 11,DDR4,16GB,SSD,1TB,85990
ASUS,Intel Core i3,Windows 11,DDR4,8GB,SSD,512GB,39990
ASUS,Intel Core i7,Windows 11,DDR5,16GB,SSD,1TB,99990
Lenovo,AMD Ryzen 3 Dual Core,Windows 11,DDR4,8GB,SSD,512GB,35590
ASUS,AMD Ryzen 9 Octa Core,Windows 11,DDR4,16GB,SSD,1TB,150990
APPLE,Apple M1 Max,Mac,Unified,32GB,SSD,1TB,309490
ASUS,Intel Core i5,Windows 11,DDR4,16GB,HDD,1TB,64990
ASUS,AMD Ryzen 7 Octa Core,Windows 11,DDR4,16GB,SSD,512GB,89990
ASUS,AMD Ryzen 7 Octa Core,Windows 10,DDR4,16GB,SSD,512GB,85990
ASUS,AMD Ryzen 9 Octa Core,Windows 11,DDR5,16GB,SSD,1TB,194990
Lenovo,AMD Ryzen 5 Hexa Core,Windows 11,DDR4,8GB,SSD,512GB,44990
APPLE,Apple M1 Pro,Mac,Unified,16GB,SSD,1TB,222990
Ultimus,Intel Celeron Dual Core,Mac,LPDDR4,4GB,SSD,128GB,15990
Lenovo,Intel Core i3,Windows 11,DDR4,8GB,SSD,256GB,36990
Lenovo,Intel Core i3,Windows 11,DDR4,8GB,SSD,512GB,39990
DELL,Intel i3-1115G4,Windows 11,DDR4,8GB,HDD,1TB,45900
ASUS,Intel Core i7,Windows 11,LPDDR4X,16GB,SSD,512GB,79990
ASUS,Intel Core i5,Windows 11,DDR4,8GB,SSD,512GB,56990
DELL,AMD Ryzen 3 Dual Core,Windows 11,DDR4,8GB,SSD,256GB,34990
RedmiBook,Intel Core i5,Windows 11,DDR4,8GB,SSD,512GB,39990
ASUS,AMD Ryzen 9 Octa Core,Windows 11,DDR5,16GB,SSD,1TB,196990
DELL,Intel Core i3,Windows 11,DDR4,8GB,SSD,512GB,43580
Lenovo,AMD Ryzen 5 Hexa Core,Windows 10,DDR4,16GB,SSD,512GB,74990
Lenovo,AMD Ryzen 5 Quad Core,Windows 11,DDR4,8GB,SSD,512GB,38705
ASUS,AMD Ryzen 7 Octa Core,Windows 11,DDR4,16GB,SSD,1TB,85990
Lenovo,Intel Core i3,Windows 10,DDR4,8GB,SSD,512GB,37490
Infinix,Intel Celeron Quad Core,Windows 11,LPDDR4X,4GB,SSD,128GB,20990
MSI,Intel Core i7,Windows 11,DDR4,16GB,SSD,512GB,109990
ASUS,Intel Core i5,Windows 11,LPDDR4,16GB,SSD,512GB,71990
Lenovo,AMD Ryzen 3 Dual Core,Windows 11,DDR4,8GB,SSD,512GB,35590
ASUS,AMD Ryzen 9 Octa Core,Windows 11,DDR4,16GB,SSD,1TB,150990
Infinix,Intel Core i3,Windows 11,LPDDR4X,8GB,SSD,512GB,32990
MSI,AMD Ryzen 5 Hexa Core,Windows 10,DDR4,8GB,SSD,512GB,43990
Lenovo,AMD Ryzen 7 Octa Core,Windows 11,DDR4,8GB,SSD,512GB,73490
ASUS,AMD Ryzen 9 Octa Core,Windows 11,DDR5,16GB,SSD,1TB,194990
acer,AMD Ryzen 3 Dual Core,Windows 11,DDR4,8GB,SSD,256GB,25990
ASUS,Intel Core i9,Windows 10,DDR4,16GB,SSD,1TB,122990
acer,Intel Core i5,Windows 11,DDR4,16GB,SSD,512GB,68990
acer,Intel Core i5,Windows 11,DDR4,8GB,SSD,512GB,59990
Lenovo,Intel Core i3,Windows 11,DDR4,8GB,SSD,256GB,36990
Lenovo,Intel Core i3,Windows 11,DDR4,8GB,SSD,512GB,39990
acer,AMD Ryzen 5 Quad Core,Windows 10,DDR4,8GB,SSD,512GB,39990
ASUS,Intel Core i3,Windows 10,DDR4,8GB,HDD,1TB,37990
RedmiBook,Intel Core i5,Windows 11,DDR4,8GB,SSD,512GB,39990
ASUS,AMD Ryzen 9 Octa Core,Windows 11,DDR5,16GB,SSD,1TB,196990
Lenovo,Intel Celeron Dual Core,Windows 10,DDR4,4GB,SSD,256GB,25950
realme,Intel Core i5,Windows 11,LPDDR4X,16GB,SSD,512GB,64999
HP,AMD Ryzen 5 Hexa Core,Windows 11,DDR4,8GB,SSD,512GB,60990
ASUS,Intel Core i3,Windows 11,DDR4,8GB,SSD,512GB,36990
Lenovo,AMD Ryzen 5 Quad Core,Windows 11,DDR4,8GB,SSD,512GB,38705
ASUS,AMD Ryzen 7 Octa Core,Windows 11,DDR4,16GB,SSD,1TB,85990
SAMSUNG,Intel Core i5,Windows 11,LPDDR4X,8GB,SSD,256GB,59990
APPLE,Apple M1 Pro,Mac,Unified,16GB,SSD,512GB,222990
Lenovo,AMD Ryzen 3 Dual Core,Windows 11,DDR4,8GB,SSD,512GB,35590
ASUS,AMD Ryzen 9 Octa Core,Windows 11,DDR4,16GB,SSD,1TB,150990
DELL,Intel Core i9,Windows 11,DDR5,16GB,SSD,1TB,235283
DELL,Intel Core i3,Windows 11,DDR4,8GB,SSD,512GB,38990
ASUS,AMD Ryzen 7 Octa Core,Windows 11,DDR4,16GB,SSD,512GB,67990
MSI,Intel Core i5,Windows 11,DDR4,16GB,SSD,512GB,79990
Lenovo,Intel Core i3,Windows 11,DDR4,8GB,SSD,256GB,36990
RedmiBook,Intel Core i5,Windows 11,DDR4,8GB,SSD,512GB,39990
ASUS,AMD Ryzen 7 Octa Core,Windows 11,DDR4,16GB,SSD,512GB,67990
MSI,Intel Core i5,Windows 11,DDR4,16GB,SSD,512GB,79990
ASUS,AMD Ryzen 9 Octa Core,Windows 11,DDR5,16GB,SSD,1TB,196990
Lenovo,AMD Ryzen 5 Quad Core,Windows 11,DDR4,8GB,SSD,512GB,38705
ASUS,Intel Core i5,Windows 11,LPDDR5,16GB,SSD,512GB,89990
ASUS,Intel Core i9,Windows 11,DDR5,32GB,SSD,1TB,241990
ASUS,Intel Core i5,Windows 11,DDR4,8GB,SSD,512GB,43490
realme,Intel Core i3,Windows 10,DDR4,8GB,SSD,256GB,46990
ASUS,AMD Ryzen 7 Octa Core,Windows 11,DDR4,16GB,SSD,1TB,85990
Lenovo,AMD Ryzen 3 Dual Core,Windows 11,DDR4,8GB,SSD,512GB,35590
Vaio,AMD Ryzen 5 Quad Core,Windows 10,DDR4,8GB,SSD,512GB,40990
APPLE,Apple M1,Mac,DDR4,8GB,SSD,256GB,94990
ASUS,AMD Ryzen 9 Octa Core,Windows 11,DDR4,16GB,SSD,1TB,150990
Lenovo,Intel Core i3,Windows 11,DDR4,8GB,SSD,512GB,39990
MSI,Intel Core i7,Windows 10,DDR4,16GB,SSD,1TB,114990
APPLE,Apple M2,Mac,Unified,8GB,SSD,256GB,121990
ASUS,Intel Core i3,Windows 10,DDR4,8GB,HDD,1TB,37990
ASUS,Intel Pentium Silver,Windows 11,DDR4,8GB,SSD,256GB,27990
ASUS,AMD Ryzen 9 Octa Core,Windows 11,DDR5,16GB,SSD,1TB,194990
Lenovo,AMD Ryzen 5 Hexa Core,Windows 11,DDR4,8GB,SSD,512GB,44990
DELL,AMD Ryzen 3 Dual Core,Windows 11,DDR4,8GB,SSD,512GB,40190
Lenovo,AMD Ryzen 3 Dual Core,Windows 11,DDR4,8GB,SSD,512GB,34990
Lenovo,Intel Core i3,Windows 11,DDR4,8GB,SSD,512GB,39990
RedmiBook,Intel Core i5,Windows 11,DDR4,8GB,SSD,512GB,39990
ASUS,Intel Core i7,Windows 10,LPDDR4X,16GB,SSD,1TB,94990
Lenovo,Intel Core i5,Windows 11,DDR4,8GB,SSD,512GB,69990
ASUS,Intel Core i5,Windows 11,DDR4,8GB,SSD,512GB,59990
ASUS,Intel Core i5,Windows 11,DDR4,16GB,SSD,512GB,66990
ASUS,AMD Ryzen 9 Octa Core,Windows 11,DDR5,16GB,SSD,1TB,196990
Lenovo,AMD Ryzen 5 Quad Core,Windows 11,DDR4,8GB,SSD,512GB,38705
ASUS,Intel Core i7,Windows 11,LPDDR4X,16GB,SSD,512GB,104990
DELL,Intel i3-1125G4,Windows 11,DDR4,8GB,SSD,256GB,54900
ASUS,AMD Ryzen 7 Octa Core,Windows 11,DDR4,16GB,SSD,1TB,85990
Lenovo,AMD Ryzen 3 Dual Core,Windows 11,DDR4,8GB,SSD,512GB,35590
Lenovo,AMD Ryzen 7 Octa Core,Windows 11,DDR4,16GB,SSD,1TB,136990
DELL,AMD Ryzen 5-3450U,Windows 11,DDR4,8GB,SSD,512GB,48184
ASUS,Intel Core i5,Windows 11,DDR4,16GB,SSD,512GB,74990
acer,Intel Core i5,Windows 11,DDR4,8GB,SSD,512GB,60990
ASUS,AMD Ryzen 9 Octa Core,Windows 11,DDR4,16GB,SSD,1TB,150990
Lenovo,Intel Core i3,Windows 11,DDR4,8GB,SSD,256GB,36990
HP,AMD Ryzen 5 Hexa Core,Windows 11,DDR4,8GB,SSD,512GB,49990
DELL,Intel Core i5,Windows 11,DDR4,8GB,SSD,512GB,67990
ASUS,AMD Ryzen 9 Octa Core,Windows 11,DDR5,16GB,SSD,1TB,194990
Lenovo,AMD Ryzen 5 Hexa Core,Windows 11,DDR4,8GB,SSD,512GB,44990
Lenovo,Intel Core i5,Windows 10,DDR4,8GB,SSD,512GB,58000
Infinix,Intel Core i3,Windows 11,LPDDR4X,8GB,SSD,256GB,29990
ASUS,AMD Ryzen 7 Octa Core,Windows 11,LPDDR5,16GB,SSD,1TB,114990
HP,AMD Ryzen 3 Dual Core,Windows 11,DDR4,8GB,SSD,512GB,33990
RedmiBook,Intel Core i5,Windows 11,DDR4,8GB,SSD,512GB,39990
ASUS,AMD Ryzen 9 Octa Core,Windows 11,DDR5,16GB,SSD,1TB,196990
ASUS,AMD Ryzen 5 Hexa Core,Windows 11,DDR4,16GB,SSD,512GB,64990
Lenovo,Intel Core i5,Windows 11,DDR4,16GB,SSD,512GB,79990
Lenovo,AMD Ryzen 5 Quad Core,Windows 11,DDR4,8GB,SSD,512GB,38705
ASUS,AMD Ryzen 7 Octa Core,Windows 11,DDR4,16GB,SSD,1TB,85990
Infinix,Intel Core i3,Windows 11,LPDDR4X,8GB,SSD,256GB,28990
ASUS,AMD Ryzen 5 Dual Core,Windows 11,DDR4,8GB,SSD,512GB,56990
HP,AMD Ryzen 5 Hexa Core,Windows 11,DDR4,16GB,SSD,512GB,81990
MSI,Intel Core i7,Windows 10,DDR4,16GB,SSD,1TB,129990
Lenovo,AMD Ryzen 3 Dual Core,Windows 11,DDR4,8GB,SSD,512GB,35590
ASUS,AMD Ryzen 9 Octa Core,Windows 11,DDR4,16GB,SSD,1TB,150990
DELL,AMD Ryzen 3 Dual Core,Windows 10,DDR4,8GB,HDD,1TB,38990
HP,AMD Ryzen 7 Octa Core,Windows 10,DDR4,16GB,HDD,1TB,79990
Lenovo,Intel Core i3,Windows 11,DDR4,8GB,SSD,256GB,36990
Lenovo,Intel Core i3,Windows 11,DDR4,8GB,SSD,512GB,39990
APPLE,Apple M2,Mac,Unified,8GB,SSD,512GB,139990
ASUS,Intel Core i7,Windows 11,DDR5,16GB,SSD,1TB,109990
ASUS,AMD Ryzen 9 Octa Core,Windows 11,DDR5,16GB,SSD,1TB,154990
Lenovo,Intel Core i5,Windows 11,DDR4,16GB,SSD,512GB,62990
ASUS,AMD Ryzen 9 Octa Core,Windows 11,DDR5,16GB,SSD,1TB,194990
Lenovo,AMD Ryzen 5 Hexa Core,Windows 11,DDR4,8GB,SSD,512GB,44990
ASUS,Intel Core i3,Windows 11,DDR4,8GB,SSD,512GB,47990
DELL,AMD Ryzen 3 Quad Core,Windows 11,DDR4,8GB,SSD,512GB,43667
ASUS,AMD Ryzen 7 Octa Core,Windows 11,DDR5,16GB,SSD,1TB,135990
Lenovo,Intel Core i3,Windows 11,DDR4,8GB,SSD,256GB,36990
ASUS,AMD Ryzen 7 Octa Core,Windows 11,DDR5,16GB,SSD,512GB,98990
Infinix,Intel Core i7,Windows 11,LPDDR4X,16GB,SSD,512GB,46990
ASUS,Intel Core i3,Windows 11,DDR4,8GB,SSD,256GB,35990
Lenovo,Intel Core i3,Windows 11,DDR4,8GB,SSD,512GB,39990
ASUS,Intel Core i7,Windows 11,DDR5,16GB,SSD,1TB,109990
APPLE,Apple M2,Mac,Unified,8GB,SSD,512GB,139990
DELL,Intel Core i5,Windows 11,DDR4,8GB,SSD,512GB,74770
RedmiBook,Intel Core i5,Windows 11,DDR4,8GB,SSD,512GB,39990
HP,AMD Ryzen 3 Quad Core,Windows 11,DDR4,8GB,SSD,512GB,40799
ASUS,Intel Core i5,Windows 10,DDR4,16GB,SSD,512GB,69490
ASUS,Intel Core i3,Windows 11,DDR4,8GB,SSD,512GB,39990
Lenovo,AMD Ryzen 5 Quad Core,Windows 11,DDR4,8GB,SSD,512GB,38705
ASUS,AMD Ryzen 5 Hexa Core,Windows 11,LPDDR5,16GB,SSD,512GB,99990
APPLE,Apple M1 Pro,Mac,Unified,16GB,SSD,1TB,241990
acer,Intel Core i5,Windows 11,DDR4,8GB,SSD,512GB,40990
ASUS,AMD Ryzen 9 Octa Core,Windows 11,DDR5,16GB,SSD,1TB,196990
HP,Intel Core i5,Windows 10,DDR4,8GB,SSD,512GB,60390
HP,Intel Core i5,Windows 10,DDR4,8GB,HDD,1TB,69990
ASUS,Intel Core i3,Windows 11,DDR4,8GB,SSD,256GB,44990
ASUS,AMD Ryzen 7 Octa Core,Windows 11,DDR4,16GB,SSD,1TB,85990
ASUS,Intel Core i5,Windows 11,DDR4,8GB,SSD,256GB,44990
HP,Intel Core i5,Windows 10,DDR4,8GB,SSD,512GB,60390
ASUS,Intel Core i5,Windows 10,DDR4,16GB,SSD,512GB,69490
HP,AMD Ryzen 3 Quad Core,Windows 11,DDR4,8GB,SSD,512GB,40799
Lenovo,Intel Core i3,Windows 11,DDR4,8GB,SSD,512GB,39990
RedmiBook,Intel Core i5,Windows 11,DDR4,8GB,SSD,512GB,39990
HP,AMD Ryzen 5 Hexa Core,Windows 11,DDR4,16GB,SSD,512GB,55990
Lenovo,Intel Core i5,Windows 11,LPDDR4X,16GB,SSD,512GB,74990
ASUS,AMD Ryzen 9 Octa Core,Windows 11,DDR5,16GB,SSD,1TB,196990
Lenovo,AMD Ryzen 5 Quad Core,Windows 11,DDR4,8GB,SSD,512GB,38705
HP,Intel Core i5,Windows 10,DDR4,8GB,HDD,1TB,69990
ASUS,Intel Core i3,Windows 11,DDR4,8GB,SSD,256GB,44990
ASUS,Intel Core i5,Windows 11,DDR4,8GB,SSD,1TB,59990
APPLE,Apple M1 Pro,Mac,Unified,16GB,SSD,512GB,222990
ASUS,AMD Ryzen 7 Octa Core,Windows 11,DDR4,16GB,SSD,1TB,85990
Lenovo,AMD Ryzen 3 Dual Core,Windows 11,DDR4,8GB,SSD,512GB,35590
DELL,Intel Core i5,Windows 11,DDR4,8GB,SSD,512GB,74770
ASUS,Intel Core i7,Windows 11,DDR5,16GB,SSD,1TB,109990
ASUS,AMD Ryzen 9 Octa Core,Windows 11,DDR4,16GB,SSD,1TB,150990
Lenovo,Intel Core i3,Windows 11,DDR4,8GB,SSD,256GB,36990
acer,AMD Ryzen 5 Hexa Core,Windows 11,DDR4,8GB,SSD,512GB,62990
acer,Intel Core i5,Windows 11,DDR4,8GB,SSD,512GB,40990
MSI,Intel Core i5,Windows 10,DDR4,8GB,SSD,512GB,58499
Lenovo,Intel Core i5,Windows 10,DDR4,8GB,HDD,1TB,65990
Lenovo,Intel Core i3,Windows 11,DDR4,8GB,SSD,256GB,36990
RedmiBook,Intel Core i5,Windows 11,DDR4,8GB,SSD,512GB,39990
DELL,Intel Core i7,Windows 11,DDR5,16GB,SSD,512GB,111990
Lenovo,Intel Core i5,Windows 11,DDR4,16GB,SSD,512GB,68490
ASUS,AMD Ryzen 9 Octa Core,Windows 11,DDR5,16GB,SSD,1TB,196990
Lenovo,AMD Ryzen 5 Quad Core,Windows 11,DDR4,8GB,SSD,512GB,38705
Infinix,Intel Core i7,Windows 11,LPDDR4X,16GB,SSD,512GB,46990
ASUS,Intel Core i5,Windows 10,DDR4,8GB,HDD,1TB,83990
acer,Intel Core i5,Windows 11,DDR4,8GB,SSD,512GB,54990
ASUS,Intel Celeron Dual Core,Chrome,LPDDR4,4GB,EMMC,32GB,14990
ASUS,AMD Ryzen 7 Octa Core,Windows 11,DDR4,16GB,SSD,1TB,85990
Lenovo,AMD Ryzen 3 Dual Core,Windows 11,DDR4,8GB,SSD,512GB,35590
APPLE,Apple M1,Mac,DDR4,8GB,SSD,1TB,149990
DELL,Intel Core i5-1135G7,Windows 10,DDR4,8GB,SSD,512GB,63090
ASUS,AMD Ryzen 9 Octa Core,Windows 11,DDR4,16GB,SSD,1TB,150990
Lenovo,Intel Core i3,Windows 11,DDR4,8GB,SSD,512GB,39990
MSI,Intel Core i7,Windows 11,DDR5,16GB,SSD,1TB,200000
Lenovo,Intel Core i3,Windows 11,DDR4,8GB,SSD,256GB,37390
ASUS,Intel Core i5,Windows 11,LPDDR4X,8GB,SSD,512GB,63990
DELL,Intel Core i3-1005G1,Windows 10,DDR4,8GB,SSD,512GB,43090
ASUS,AMD Ryzen 9 Octa Core,Windows 11,DDR5,16GB,SSD,1TB,194990
Lenovo,AMD Ryzen 5 Hexa Core,Windows 11,DDR4,8GB,SSD,512GB,44990
Lenovo,Intel Core i3,Windows 10,DDR4,4GB,SSD,256GB,44700
HP,Intel Core i3,Windows 10,DDR4,8GB,SSD,256GB,41150
Lenovo,Intel Core i3,Windows 11,DDR4,8GB,SSD,256GB,36990
Lenovo,Intel Core i3,Windows 11,DDR4,8GB,SSD,512GB,39990
ASUS,AMD Ryzen 3 Dual Core,Windows 11,DDR4,8GB,SSD,256GB,33990
MSI,Intel Core i7,Windows 11,DDR5,16GB,SSD,1TB,190890
ASUS,Intel Core i9,Windows 11,LPDDR5,16GB,SSD,1TB,174990
HP,AMD Ryzen 7 Octa Core,Windows 11,DDR4,16GB,SSD,1TB,118990
RedmiBook,Intel Core i5,Windows 11,DDR4,8GB,SSD,512GB,39990
ASUS,AMD Ryzen 9 Octa Core,Windows 11,DDR5,16GB,SSD,1TB,196990
ASUS,Intel Core i5,Windows 11,DDR4,16GB,SSD,512GB,63980
acer,AMD Ryzen 5 Hexa Core,Windows 11,DDR4,8GB,SSD,512GB,54300
Lenovo,AMD Ryzen 5 Quad Core,Windows 11,DDR4,8GB,SSD,512GB,38705
ASUS,AMD Ryzen 7 Octa Core,Windows 11,DDR4,16GB,SSD,1TB,85990
DELL,AMD Ryzen 3 Dual Core,Windows 11,DDR4,8GB,SSD,256GB,36400
ASUS,Intel Core i3,Windows 10,DDR4,4GB,SSD,256GB,28590
DELL,AMD Ryzen 5 Hexa Core,Windows 11,DDR4,16GB,SSD,512GB,69999
ASUS,Intel Core i9,Windows 11,DDR5,32GB,SSD,1TB,301990
Lenovo,AMD Ryzen 3 Dual Core,Windows 11,DDR4,8GB,SSD,512GB,35590
ASUS,AMD Ryzen 9 Octa Core,Windows 11,DDR4,16GB,SSD,1TB,150990
Lenovo,Intel Core i3,Windows 11,DDR4,8GB,SSD,256GB,37000
Lenovo,Intel Core i5,Windows 10,DDR4,16GB,SSD,512GB,64990
Lenovo,AMD Ryzen 7 Octa Core,Windows 11,DDR4,8GB,SSD,512GB,73490
ASUS,AMD Ryzen 9 Octa Core,Windows 11,DDR5,16GB,SSD,1TB,194990
DELL,Intel Core i3,Windows 11,DDR4,8GB,SSD,256GB,42690
ASUS,AMD Ryzen 7 Octa Core,Windows 11,DDR5,16GB,SSD,1TB,140990
Lenovo,Intel Core i3,Windows 10,DDR4,4GB,SSD,256GB,38990
HP,Intel Core i7,Windows 11,LPDDR4X,16GB,SSD,512GB,128990
acer,Intel Core i3,Windows 11,DDR4,8GB,SSD,512GB,54999
Lenovo,Intel Core i3,Windows 11,DDR4,8GB,SSD,256GB,36990
acer,Intel Core i5,Windows 10,DDR4,8GB,HDD,1TB,60130
acer,Intel Pentium Silver,Windows 11,DDR4,8GB,SSD,256GB,29490
DELL,Intel Core i5,Windows 11,DDR4,8GB,SSD,512GB,72490
Lenovo,Intel Core i3,Windows 11,DDR4,8GB,SSD,512GB,39990
GIGABYTE,Intel Core i5,Windows 11,DDR4,16GB,SSD,512GB,73990
acer,Intel Core i5,Windows 10,DDR4,8GB,HDD,1TB,47130
Lenovo,AMD Ryzen 7 Octa Core,Windows 10,DDR4,8GB,SSD,512GB,55600
RedmiBook,Intel Core i5,Windows 11,DDR4,8GB,SSD,512GB,39990
DELL,AMD Ryzen 5 Quad Core,Windows 10,DDR4,8GB,SSD,512GB,49690
ASUS,Intel Core i7,Windows 11,DDR5,32GB,SSD,1TB,239990
MSI,Intel Core i5,Windows 10,DDR4,16GB,SSD,512GB,73990
Lenovo,AMD Ryzen 5 Quad Core,Windows 11,DDR4,8GB,SSD,512GB,38705
HP,AMD Ryzen 5 Hexa Core,Windows 10,DDR4,8GB,SSD,512GB,52490
HP,Intel Core i3,Windows 11,DDR4,8GB,SSD,512GB,41990
ASUS,Intel Pentium Quad Core,Windows 11,DDR4,8GB,SSD,256GB,29990
ASUS,AMD Ryzen 9 Octa Core,Windows 11,DDR5,16GB,SSD,1TB,196990
Nokia,Intel Core i5,Windows 10,DDR4,8GB,SSD,512GB,50490
acer,Intel Core i7,Windows 10,DDR4,16GB,HDD,1TB,96490
Infinix,Intel Core i5,Windows 11,LPDDR4X,16GB,SSD,512GB,37990
ASUS,AMD Ryzen 7 Octa Core,Windows 11,DDR4,16GB,SSD,1TB,85990
MSI,Intel Core i5,Windows 10,LPDDR4X,16GB,SSD,512GB,74990
ASUS,Intel Core i5,Windows 10,DDR4,8GB,SSD,512GB,51990
Lenovo,Intel Core i3,Windows 11,DDR4,8GB,SSD,256GB,36990
Lenovo,Intel Core i3,Windows 11,DDR4,8GB,SSD,512GB,39990
ASUS,AMD Ryzen 5 Hexa Core,Windows 10,DDR4,8GB,HDD,1TB,71345
ASUS,Intel Core i7,Windows 10,DDR4,16GB,SSD,1TB,101490
MSI,Intel Core i7,Windows 11,DDR5,32GB,SSD,1TB,274990
ASUS,AMD Ryzen 9 Octa Core,Windows 11,DDR5,16GB,SSD,1TB,199990
RedmiBook,Intel Core i5,Windows 11,DDR4,8GB,SSD,512GB,39990
ASUS,AMD Ryzen 9 Octa Core,Windows 11,DDR5,16GB,SSD,1TB,196990
DELL,Intel Core i3,Windows 10,DDR4,8GB,SSD,256GB,41090
Lenovo,Intel Core i5,Windows 10,DDR4,8GB,SSD,256GB,50499
Lenovo,AMD Ryzen 5 Quad Core,Windows 11,DDR4,8GB,SSD,512GB,38705
ASUS,AMD Ryzen 7 Octa Core,Windows 11,DDR4,16GB,SSD,1TB,85990
HP,AMD Ryzen 7 Octa Core,Windows 11,DDR4,8GB,SSD,512GB,78950
Lenovo,AMD Ryzen 5 Hexa Core,Windows 11,LPDDR4X,16GB,SSD,512GB,67990
ASUS,AMD Ryzen 9 Octa Core,Windows 11,DDR4,16GB,SSD,1TB,187990
Lenovo,Intel Core i7,Windows 10,DDR4,16GB,SSD,1TB,102990
Lenovo,AMD Ryzen 3 Dual Core,Windows 11,DDR4,8GB,SSD,512GB,35590
ASUS,AMD Ryzen 9 Octa Core,Windows 11,DDR4,16GB,SSD,1TB,150990
ASUS,Intel Core i3,DOS,DDR4,4GB,SSD,256GB,35990
HP,AMD Ryzen 5 Quad Core,Windows 10,DDR4,8GB,SSD,512GB,52575
Lenovo,AMD Ryzen 7 Octa Core,Windows 11,DDR4,8GB,SSD,512GB,73490
ASUS,AMD Ryzen 9 Octa Core,Windows 11,DDR5,16GB,SSD,1TB,194990
DELL,AMD Ryzen 5 Quad Core,Windows 11,DDR4,8GB,SSD,512GB,50990
Lenovo,Intel Core i5,Windows 10,DDR4,16GB,SSD,512GB,60125
Lenovo,Intel Celeron Dual Core,Windows 10,DDR4,4GB,SSD,256GB,26490
HP,AMD Ryzen 7 Octa Core,Windows 11,DDR4,8GB,SSD,512GB,80249
Lenovo,Intel Core i3,Windows 11,DDR4,8GB,SSD,256GB,36990
Lenovo,Intel Core i3,Windows 11,DDR4,8GB,SSD,512GB,39990
acer,Intel Core i5,Windows 10,DDR4,8GB,HDD,1TB,129999
ASUS,AMD Ryzen 7 Octa Core,Windows 10,DDR4,8GB,SSD,1TB,76990
RedmiBook,Intel Core i5,Windows 11,DDR4,8GB,SSD,512GB,39990
ASUS,AMD Ryzen 9 Octa Core,Windows 11,DDR5,16GB,SSD,1TB,196990
ASUS,Intel Core i3,Windows 10,DDR4,8GB,SSD,512GB,36990
MSI,Intel Core i7,Windows 10,DDR4,16GB,SSD,512GB,107790
DELL,Intel Core i5,Windows 11,DDR4,16GB,SSD,512GB,75990
ASUS,Intel Core i5,Windows 10,LPDDR4X,16GB,SSD,512GB,95990
Lenovo,AMD Ryzen 5 Quad Core,Windows 11,DDR4,8GB,SSD,512GB,38705
ASUS,AMD Ryzen 7 Octa Core,Windows 11,DDR4,16GB,SSD,1TB,85990
acer,Intel Core i5,Windows 11,DDR4,8GB,SSD,512GB,61999
HP,Intel Celeron Dual Core,Windows 11,DDR4,8GB,SSD,256GB,28990
Lenovo,AMD Ryzen 3 Dual Core,Windows 11,DDR4,8GB,SSD,512GB,35590
ASUS,AMD Ryzen 9 Octa Core,Windows 11,DDR4,16GB,SSD,1TB,150990
Lenovo,Intel Core i5,Windows 10,DDR4,8GB,SSD,512GB,54990
ASUS,Intel Core i7,Windows 11,DDR4,16GB,SSD,512GB,56990
ASUS,Intel Core i5,Windows 11,DDR4,8GB,SSD,256GB,45990
ASUS,Intel Core i3,Windows 11,DDR4,8GB,SSD,512GB,38216
Lenovo,Intel Core i3,Windows 11,DDR4,8GB,SSD,256GB,36990
Lenovo,Intel Core i3,Windows 11,DDR4,8GB,SSD,512GB,39990
MSI,Intel Core i7,Windows 11,DDR4,8GB,SSD,512GB,79990
DELL,Intel Core i3,Windows 10,DDR4,4GB,HDD,1TB,43990
RedmiBook,Intel Core i5,Windows 11,DDR4,8GB,SSD,512GB,39990
ASUS,AMD Ryzen 9 Octa Core,Windows 11,DDR5,16GB,SSD,1TB,196990
HP,AMD Ryzen 7 Octa Core,Windows 11,DDR4,16GB,SSD,1TB,108250
ASUS,Intel Core i3,Windows 10,DDR4,4GB,HDD,1TB,28990
MSI,Intel Core i9,Windows 11,DDR5,32GB,SSD,2TB,389990
DELL,Intel Core i5,Windows 11,DDR4,16GB,SSD,512GB,67224
Lenovo,AMD Ryzen 5 Quad Core,Windows 11,DDR4,8GB,SSD,512GB,38705
ASUS,AMD Ryzen 7 Octa Core,Windows 11,DDR4,16GB,SSD,1TB,85990
acer,AMD Ryzen 7 Octa Core,Windows 10,DDR4,16GB,HDD,1TB,114990
ASUS,Intel Core i5,Windows 10,DDR4,4GB,HDD,1TB,61249
Lenovo,AMD Ryzen 3 Dual Core,Windows 11,DDR4,8GB,SSD,512GB,35590
ASUS,AMD Ryzen 9 Octa Core,Windows 11,DDR4,16GB,SSD,1TB,150990
HP,Intel Core i5,Windows 11,DDR4,16GB,SSD,512GB,69990
Lenovo,AMD Ryzen 5 Hexa Core,DOS,DDR4,8GB,SSD,512GB,69990
Lenovo,Intel Core i5,Windows 11,DDR4,16GB,SSD,512GB,79990
Lenovo,AMD Ryzen 3 Dual Core,Windows 10,DDR4,8GB,SSD,256GB,37990
Lenovo,AMD Ryzen 7 Octa Core,Windows 11,DDR4,8GB,SSD,512GB,73490
ASUS,AMD Ryzen 9 Octa Core,Windows 11,DDR5,16GB,SSD,1TB,194990
Infinix,Intel Core i5,Windows 11,LPDDR4X,8GB,SSD,512GB,36990
ASUS,Intel Celeron Dual Core,Windows 11,DDR4,4GB,SSD,128GB,29980
Lenovo,Intel Core i3,Windows 11,DDR4,8GB,SSD,256GB,36990
RedmiBook,Intel Core i5,Windows 11,DDR4,8GB,SSD,512GB,39990
ASUS,Intel Core i5,Windows 10,LPDDR4X,16GB,SSD,512GB,95990
DELL,AMD Ryzen 3 Dual Core,Windows 11,DDR4,8GB,SSD,512GB,41600
DELL,Intel Core i5,Windows 11,DDR4,16GB,SSD,512GB,67224
ASUS,Intel Core i5,Windows 11,DDR4,8GB,SSD,512GB,61986
ASUS,AMD Ryzen 9 Octa Core,Windows 11,DDR5,16GB,SSD,1TB,196990
Lenovo,AMD Ryzen 5 Quad Core,Windows 11,DDR4,8GB,SSD,512GB,38705
ASUS,Intel Core i5,Windows 10,DDR4,4GB,HDD,1TB,61249
HP,AMD Ryzen 3 Dual Core,Windows 11,DDR4,8GB,SSD,256GB,38999
ASUS,AMD Ryzen 7 Octa Core,Windows 11,DDR4,16GB,SSD,1TB,85990
Lenovo,AMD Ryzen 3 Dual Core,Windows 11,DDR4,8GB,SSD,512GB,35590
Lenovo,Intel Core i3,Windows 11,DDR4,4GB,SSD,256GB,31990
Lenovo,AMD Ryzen 3 Dual Core,Windows 10,DDR4,8GB,SSD,256GB,37990
ASUS,Intel Celeron Dual Core,Windows 11,DDR4,4GB,SSD,128GB,29980
ASUS,Intel Core i5,Windows 11,DDR4,8GB,SSD,512GB,46990
ASUS,AMD Ryzen 9 Octa Core,Windows 11,DDR4,16GB,SSD,1TB,150990
Lenovo,AMD Ryzen 7 Octa Core,Windows 11,DDR4,8GB,SSD,512GB,73490
Infinix,Intel Core i5,Windows 11,LPDDR4X,8GB,SSD,512GB,37990
Infinix,Intel Core i5,Windows 11,LPDDR4X,8GB,SSD,512GB,36990
Lenovo,Intel Core i3,Windows 11,DDR4,8GB,SSD,512GB,39990
ASUS,AMD Ryzen 9 Octa Core,Windows 11,DDR5,16GB,SSD,1TB,194990
acer,AMD Ryzen 5 Hexa Core,Windows 10,DDR4,8GB,HDD,1TB,61490
HP,AMD Ryzen 7 Octa Core,Windows 10,DDR4,16GB,SSD,1TB,109990
HP,AMD Ryzen 5 Hexa Core,Windows 11,DDR4,8GB,SSD,512GB,54990
Lenovo,AMD Ryzen 5 Hexa Core,Windows 10,DDR4,8GB,SSD,512GB,50990
Lenovo,Intel Core i3,Windows 11,DDR4,8GB,SSD,256GB,36990
RedmiBook,Intel Core i5,Windows 11,DDR4,8GB,SSD,512GB,39990
MSI,Intel Core i5 Pro,Windows 10,DDR4,8GB,HDD,1TB,62190
ASUS,Intel Celeron Dual Core,Chrome,LPDDR4,4GB,EMMC,64GB,24390
ASUS,AMD Ryzen 9 Octa Core,Windows 11,DDR5,16GB,SSD,1TB,196990
Lenovo,AMD Ryzen 5 Quad Core,Windows 11,DDR4,8GB,SSD,512GB,38705
Lenovo,Intel Core i3,Windows 11,DDR4,8GB,HDD,1TB,36990
HP,AMD Ryzen 7 Octa Core,Windows 10,DDR4,16GB,SSD,1TB,159990
ASUS,Intel Core i3,Windows 11,DDR4,4GB,SSD,256GB,34490
ASUS,AMD Ryzen 9 Octa Core,Windows 11,DDR4,16GB,SSD,512GB,99990
ASUS,AMD Ryzen 7 Octa Core,Windows 11,DDR4,16GB,SSD,1TB,85990
Lenovo,AMD Ryzen 3 Dual Core,Windows 11,DDR4,8GB,SSD,512GB,35590
ASUS,Intel Core i5,Windows 11,LPDDR4X,8GB,SSD,512GB,79990
Infinix,Intel Celeron Quad Core,Windows 11,LPDDR4X,4GB,SSD,128GB,20990
ASUS,AMD Ryzen 9 Octa Core,Windows 11,DDR4,16GB,SSD,1TB,150990
Lenovo,Intel Core i3,Windows 11,DDR4,8GB,SSD,512GB,39990
HP,Intel Core i3,Windows 11,DDR4,8GB,HDD,1TB,41490
DELL,AMD Ryzen 7 Octa Core,Windows 11,DDR5,16GB,SSD,1TB,206581
ASUS,AMD Ryzen 5 Hexa Core,Windows 11,DDR4,8GB,SSD,512GB,59990
acer,Intel Core i5,Windows 11,DDR4,16GB,SSD,512GB,62990
ASUS,AMD Ryzen 9 Octa Core,Windows 11,DDR5,16GB,SSD,1TB,194990
Lenovo,AMD Ryzen 5 Hexa Core,Windows 11,DDR4,8GB,SSD,512GB,44990
ASUS,AMD Ryzen 9 Octa Core,Windows 11,DDR5,16GB,SSD,1TB,194990
ASUS,AMD Ryzen 5 Hexa Core,Windows 10,DDR4,8GB,HDD,1TB,62990
RedmiBook,Intel Core i5,Windows 11,DDR4,8GB,SSD,512GB,39990
ASUS,AMD Ryzen 9 Octa Core,Windows 11,DDR5,16GB,SSD,1TB,196990
Lenovo,AMD Ryzen 5 Hexa Core,Windows 10,DDR4,8GB,SSD,512GB,61990
ASUS,AMD Ryzen 7 Octa Core,Windows 11,DDR5,16GB,SSD,1TB,105990
acer,Intel Core i7,Windows 11,DDR5,16GB,SSD,1TB,155490
Ultimus,Intel Celeron Dual Core,Windows 11,LPDDR4,4GB,SSD,128GB,19990
Lenovo,AMD Ryzen 5 Quad Core,Windows 11,DDR4,8GB,SSD,512GB,38705
ASUS,AMD Ryzen 7 Octa Core,Windows 11,DDR4,16GB,SSD,1TB,85990
Lenovo,Intel Core i3,Windows 10,DDR4,4GB,HDD,1TB,33499
Infinix,Intel Core i5,Windows 11,LPDDR4X,8GB,SSD,512GB,42990
Lenovo,AMD Ryzen 3 Dual Core,Windows 11,DDR4,8GB,SSD,512GB,35590
ASUS,AMD Ryzen 9 Octa Core,Windows 11,DDR4,16GB,SSD,1TB,150990
HP,Intel Core i5,Windows 11,DDR4,8GB,SSD,512GB,63990
acer,Intel Core i9,Windows 11,DDR4,16GB,SSD,1TB,124990
ASUS,Intel Celeron Dual Core,Windows 11,DDR4,4GB,EMMC,64GB,21990
Lenovo,Intel Celeron Dual Core,Windows 10,DDR4,4GB,SSD,256GB,30100
Lenovo,Intel Core i3,Windows 11,DDR4,8GB,SSD,256GB,36990
Lenovo,Intel Core i3,Windows 11,DDR4,8GB,SSD,512GB,39990
HP,Intel Core i7,Windows 11,DDR5,32GB,SSD,1TB,199990
acer,Intel Core i5,Windows 11,DDR4,8GB,HDD,1TB,61130
ASUS,AMD Ryzen 9 Octa Core,Windows 11,DDR5,16GB,SSD,1TB,194990
Lenovo,AMD Ryzen 5 Hexa Core,Windows 11,DDR4,8GB,SSD,512GB,44990
Lenovo,Intel Core i3,Windows 11,DDR4,8GB,HDD,1TB,40990
ASUS,Intel Core i5,Windows 10,DDR4,8GB,SSD,1TB,75990
HP,Intel Core i3,Windows 11,DDR4,8GB,SSD,512GB,46890
Lenovo,Intel Core i3,Windows 11,DDR4,8GB,SSD,256GB,37390
Lenovo,Intel Core i3,Windows 11,DDR4,8GB,SSD,256GB,36990
Lenovo,Intel Core i3,Windows 11,DDR4,8GB,SSD,512GB,39990
Lenovo,Intel Core i5,Windows 11,DDR4,16GB,SSD,512GB,68490
ASUS,Intel Celeron Dual Core,Windows 11,DDR4,4GB,EMMC,64GB,19990
RedmiBook,Intel Core i5,Windows 11,DDR4,8GB,SSD,512GB,39990
ASUS,AMD Ryzen 9 Octa Core,Windows 11,DDR5,16GB,SSD,1TB,196990
ASUS,Intel Core i7,Windows 11,DDR4,16GB,SSD,512GB,89990
DELL,Intel Core i5,Windows 11,DDR4,8GB,SSD,512GB,59790
MSI,Intel Core i9,Windows 11,DDR4,16GB,SSD,1TB,125990
ASUS,AMD Ryzen 7 Octa Core,Windows 11,DDR5,32GB,SSD,2TB,249990
Lenovo,AMD Ryzen 5 Quad Core,Windows 11,DDR4,8GB,SSD,512GB,38705
ASUS,AMD Ryzen 7 Octa Core,Windows 11,DDR4,16GB,SSD,1TB,85990
ASUS,AMD Ryzen 7 Octa Core,Windows 11,DDR5,16GB,SSD,1TB,149990
DELL,Intel Pentium Quad Core,Windows 11,DDR4,8GB,SSD,256GB,36990
Lenovo,AMD Ryzen 3 Dual Core,Windows 11,DDR4,8GB,SSD,512GB,35590
ASUS,AMD Ryzen 9 Octa Core,Windows 11,DDR4,16GB,SSD,1TB,150990
ASUS,Intel Core i5,Windows 10,DDR4,16GB,SSD,512GB,85990
HP,AMD Ryzen 7 Octa Core,Windows 10,DDR4,8GB,SSD,512GB,60990
DELL,Intel Core i5,Windows 11,DDR5,8GB,SSD,512GB,87900
Lenovo,AMD Dual Core,Windows 10,DDR4,4GB,HDD,1TB,27490
DELL,Intel Pentium Quad Core,Windows 11,DDR4,8GB,SSD,256GB,36990
ASUS,AMD Ryzen 7 Octa Core,Windows 11,DDR5,32GB,SSD,2TB,249990
ASUS,AMD Ryzen 7 Octa Core,Windows 11,DDR5,16GB,SSD,1TB,149990
RedmiBook,Intel Core i5,Windows 11,DDR4,8GB,SSD,512GB,39990
HP,AMD Ryzen 3 Dual Core,Windows 11,DDR4,8GB,HDD,1TB,28999
DELL,Intel Core i5,Windows 11,DDR5,8GB,SSD,512GB,87900
acer,Intel Core i7,Windows 10,DDR4,16GB,HDD,1TB,117990
Lenovo,AMD Ryzen 5 Quad Core,Windows 11,DDR4,8GB,SSD,512GB,38705
ASUS,Intel Core i5,Windows 10,DDR4,16GB,SSD,512GB,85990
DELL,Intel Core i5,Windows 11,DDR4,8GB,HDD,1TB,61497
HP,AMD Ryzen 5 Hexa Core,Windows 11,DDR4,8GB,SSD,512GB,70400
ASUS,AMD Ryzen 9 Octa Core,Windows 11,DDR5,16GB,SSD,1TB,196990
Lenovo,Intel Core i5,Windows 10,DDR4,16GB,SSD,512GB,69000
Lenovo,AMD Ryzen 5 Hexa Core,Windows 11,DDR4,8GB,SSD,512GB,64490
ASUS,AMD Ryzen 7 Octa Core,Windows 11,DDR5,16GB,SSD,1TB,149990
ASUS,AMD Ryzen 7 Octa Core,Windows 11,DDR4,16GB,SSD,1TB,85990
HP,AMD Ryzen 5 Hexa Core,Windows 11,DDR5,8GB,SSD,512GB,96579
DELL,Intel i7-11800H,Windows 11,DDR4,16GB,SSD,512GB,101990
ASUS,Intel Core i7,Windows 11,DDR4,16GB,SSD,512GB,89990
Lenovo,AMD Ryzen 3 Dual Core,Windows 11,DDR4,8GB,SSD,512GB,35590
HP,AMD Ryzen 7 Octa Core,Windows 11,DDR5,8GB,SSD,512GB,94990
MSI,Intel Core i7,Windows 11,DDR5,32GB,SSD,2TB,314990
DELL,Intel Core i3,Windows 11,DDR4,8GB,HDD,1TB,46900
ASUS,AMD Ryzen 9 Octa Core,Windows 11,DDR4,16GB,SSD,1TB,150990
Lenovo,Intel Core i3,Windows 11,DDR4,8GB,SSD,256GB,36990
Lenovo,Intel Core i3,Windows 11,DDR4,8GB,SSD,512GB,39990
ASUS,Intel Core i9,Windows 11,DDR5,32GB,SSD,2TB,331990
DELL,Intel Core i7,Windows 11,DDR5,16GB,SSD,1TB,116490
HP,AMD Ryzen 3 Hexa Core,Windows 10,DDR4,8GB,SSD,512GB,64590
DELL,Intel Core i7,Windows 11,DDR5,16GB,SSD,1TB,137990
RedmiBook,Intel Core i5,Windows 11,DDR4,8GB,SSD,512GB,39990
ASUS,AMD Ryzen 9 Octa Core,Windows 11,DDR5,16GB,SSD,1TB,196990
DELL,Intel Core i5,Windows 10,DDR4,8GB,SSD,512GB,55690
Lenovo,Intel Core i7,Windows 10,DDR4,16GB,SSD,512GB,109990
Lenovo,AMD Ryzen 5 Quad Core,Windows 11,DDR4,8GB,SSD,512GB,38705
ASUS,AMD Ryzen 7 Octa Core,Windows 11,DDR4,16GB,SSD,1TB,85990
ASUS,Intel Core i7,Windows 10,DDR4,8GB,HDD,1TB,79990
ASUS,AMD Ryzen 9 Octa Core,Windows 11,DDR4,16GB,SSD,1TB,130500
ASUS,AMD Ryzen 9 Octa Core,Windows 11,DDR5,32GB,SSD,2TB,361990
ASUS,AMD Ryzen 9 Octa Core,Windows 11,DDR5,16GB,SSD,1TB,211990
Lenovo,AMD Ryzen 3 Dual Core,Windows 11,DDR4,8GB,SSD,512GB,35590
ASUS,AMD Ryzen 9 Octa Core,Windows 11,DDR4,16GB,SSD,1TB,150990
DELL,Intel Core i3,Windows 10,DDR4,4GB,SSD,256GB,39890
MSI,Intel Core i7,Windows 11,DDR4,16GB,SSD,1TB,139990
Lenovo,AMD Ryzen 7 Octa Core,Windows 11,DDR4,8GB,SSD,512GB,73490
ASUS,AMD Ryzen 9 Octa Core,Windows 11,DDR5,16GB,SSD,1TB,194990
MSI,Intel Core i7,Windows 10,DDR4,16GB,HDD,1TB,99990
HP,Intel Core i5,Windows 10,DDR4,16GB,SSD,512GB,66700
DELL,Intel Core i5,Windows 10,DDR4,8GB,HDD,1TB,68990
DELL,Intel Core i9,Windows 11,DDR4,32GB,SSD,1TB,434830
Lenovo,Intel Core i3,Windows 11,DDR4,8GB,SSD,256GB,36990
Lenovo,Intel Core i3,Windows 11,DDR4,8GB,SSD,512GB,39990
ALIENWARE,Intel Core i9,Windows 10,DDR4,32GB,SSD,1TB,345390
HP,Intel Core i7,Windows 11,DDR4,16GB,SSD,512GB,105822
RedmiBook,Intel Core i5,Windows 11,DDR4,8GB,SSD,512GB,39990
ASUS,AMD Ryzen 9 Octa Core,Windows 11,DDR5,16GB,SSD,1TB,196990
Lenovo,Intel Celeron Dual Core,Chrome,LPDDR4X,4GB,EMMC,128GB,28490
Lenovo,Intel Core i5,Windows 10,DDR4,16GB,SSD,512GB,66990
acer,Intel Core i5,Windows 11,DDR4,8GB,SSD,512GB,86999
ASUS,Intel Core i3,Windows 10,DDR4,8GB,SSD,256GB,36990
Lenovo,AMD Ryzen 5 Quad Core,Windows 11,DDR4,8GB,SSD,512GB,38705
ASUS,AMD Ryzen 7 Octa Core,Windows 11,DDR4,16GB,SSD,1TB,85990
Lenovo,Intel Celeron Dual Core,Windows 11,DDR4,4GB,SSD,256GB,23250
DELL,Intel Core i3,Windows 10,DDR4,8GB,SSD,256GB,42390
Lenovo,AMD Ryzen 3 Dual Core,Windows 11,DDR4,8GB,SSD,512GB,35590
ASUS,AMD Ryzen 9 Octa Core,Windows 11,DDR4,16GB,SSD,1TB,150990
Lenovo,Intel Core i5,Windows 10,DDR4,8GB,SSD,512GB,58990
ASUS,Intel Core i7,Windows 10,DDR4,16GB,SSD,1TB,110990
acer,Intel Core i5,Windows 10,DDR4,8GB,HDD,1TB,74590
DELL,AMD Ryzen 5 Hexa Core,Windows 11,DDR4,8GB,SSD,512GB,71990
ASUS,AMD Ryzen 9 Octa Core,Windows 11,DDR5,16GB,SSD,1TB,194990
Lenovo,AMD Ryzen 5 Hexa Core,Windows 11,DDR4,8GB,SSD,512GB,44990
Lenovo,Intel Core i5,Windows 10,DDR4,16GB,SSD,512GB,84990
ASUS,AMD Ryzen 7 Octa Core,Windows 11,LPDDR5,16GB,SSD,1TB,119990
Lenovo,Intel Core i3,Windows 11,DDR4,8GB,SSD,256GB,36990
Lenovo,Intel Core i3,Windows 11,DDR4,8GB,SSD,512GB,39990
MSI,Intel Core i7,Windows 10,DDR4,32GB,SSD,1TB,214990
MSI,Intel Core i3,Windows 10,DDR4,8GB,SSD,512GB,48790
DELL,AMD Ryzen 7 Octa Core,Windows 11,DDR4,16GB,SSD,512GB,76000
ASUS,AMD Ryzen 9 Octa Core,Windows 10,LPDDR4X,32GB,SSD,1TB,224990
RedmiBook,Intel Core i5,Windows 11,DDR4,8GB,SSD,512GB,39990
ASUS,AMD Ryzen 9 Octa Core,Windows 11,DDR5,16GB,SSD,1TB,196990
Infinix,Intel Core i3,Windows 11,LPDDR4X,8GB,SSD,512GB,49990
ASUS,Intel Core i7,Windows 11,LPDDR5,16GB,SSD,512GB,164990
Lenovo,AMD Ryzen 5 Quad Core,Windows 11,DDR4,8GB,SSD,512GB,38705
ASUS,AMD Ryzen 7 Octa Core,Windows 11,DDR4,16GB,SSD,1TB,85990
HP,AMD Ryzen 3 Dual Core,Windows 11,DDR4,8GB,SSD,256GB,31490
DELL,Intel Core i3,Windows 11,DDR4,8GB,SSD,512GB,48077
ASUS,AMD Ryzen 9 Octa Core,Windows 10,DDR4,16GB,SSD,1TB,154990
ASUS,Intel Core i7,Windows 10,DDR4,32GB,SSD,1TB,224990
Lenovo,AMD Ryzen 3 Dual Core,Windows 11,DDR4,8GB,SSD,512GB,35590
ASUS,AMD Ryzen 9 Octa Core,Windows 11,DDR4,16GB,SSD,1TB,150990
ASUS,Intel Core i5,Windows 10,DDR4,8GB,HDD,1TB,44990
ASUS,Intel Core i5,Windows 10,DDR4,8GB,SSD,512GB,65990
Lenovo,AMD Ryzen 7 Octa Core,Windows 11,DDR4,8GB,SSD,512GB,73490
ASUS,AMD Ryzen 9 Octa Core,Windows 11,DDR5,16GB,SSD,1TB,194990
ASUS,Intel Core i3,Windows 10,DDR4,8GB,HDD,1TB,31990
Lenovo,Intel Core i3,Windows 10,DDR4,8GB,SSD,256GB,38980
HP,AMD Ryzen 5 Hexa Core,Windows 10,DDR4,8GB,SSD,512GB,68990
DELL,Intel Core i3,Windows 10,DDR4,8GB,SSD,256GB,43090
Lenovo,Intel Core i3,Windows 11,DDR4,8GB,SSD,512GB,39990
RedmiBook,Intel Core i5,Windows 11,DDR4,8GB,SSD,512GB,39990
ASUS,AMD Ryzen 9 Octa Core,Windows 10,DDR4,16GB,SSD,1TB,154990
ASUS,Intel Core i5,Windows 10,DDR4,8GB,SSD,512GB,65990
ASUS,AMD Ryzen 9 Octa Core,Windows 11,DDR5,16GB,SSD,1TB,196990
Lenovo,AMD Ryzen 5 Quad Core,Windows 11,DDR4,8GB,SSD,512GB,38705
DELL,Intel Core i3,Windows 11,DDR4,8GB,SSD,512GB,49348
DELL,Intel Core i7,Windows 11,DDR5,16GB,SSD,512GB,221774
Lenovo,AMD Ryzen 5 Hexa Core,Windows 10,DDR4,8GB,SSD,512GB,73990
DELL,AMD Ryzen 7 Octa Core,Windows 11,DDR4,16GB,SSD,512GB,77990
ASUS,AMD Ryzen 7 Octa Core,Windows 11,DDR4,16GB,SSD,1TB,85990
Lenovo,AMD Ryzen 3 Dual Core,Windows 11,DDR4,8GB,SSD,512GB,35590
ALIENWARE,Intel Core i7,Windows 10,DDR4,16GB,SSD,1TB,214790
ALIENWARE,Intel Core i7,Windows 10,DDR4,16GB,SSD,512GB,199990
ASUS,AMD Ryzen 9 Octa Core,Windows 11,DDR4,16GB,SSD,1TB,150990
Lenovo,Intel Core i3,Windows 11,DDR4,8GB,SSD,256GB,36990
DELL,Intel Core i3,Windows 11,DDR4,8GB,SSD,512GB,48077
DELL,AMD Ryzen 5 Hexa Core,Windows 11,DDR4,8GB,SSD,512GB,52414
ASUS,Intel Core i7,Windows 11,DDR5,16GB,SSD,1TB,179990
ASUS,Intel Celeron Dual Core,Chrome,LPDDR4,4GB,EMMC,64GB,25990
Lenovo,Intel Core i3,Windows 11,DDR4,8GB,SSD,256GB,36990
Lenovo,Intel Core i3,Windows 11,DDR4,8GB,SSD,512GB,39990
DELL,Intel Core i5,Windows 11,DDR4,16GB,SSD,512GB,80615
ASUS,AMD Ryzen 7 Octa Core,Windows 11,DDR5,16GB,SSD,1TB,155990
RedmiBook,Intel Core i5,Windows 11,DDR4,8GB,SSD,512GB,39990
ASUS,AMD Ryzen 9 Octa Core,Windows 11,DDR5,16GB,SSD,1TB,196990
Infinix,Intel Core i7,Windows 11,LPDDR4X,16GB,SSD,512GB,49990
Lenovo,Intel Core i7,Windows 11,DDR4,16GB,SSD,1TB,157990
ASUS,Intel Core i5,Windows 11,DDR5,16GB,SSD,512GB,92990
ASUS,AMD Ryzen 7 Octa Core,Windows 11,DDR5,16GB,SSD,1TB,171990
Lenovo,AMD Ryzen 5 Quad Core,Windows 11,DDR4,8GB,SSD,512GB,38705
ASUS,AMD Ryzen 7 Octa Core,Windows 11,DDR4,16GB,SSD,1TB,85990
ASUS,Intel Core i5,Windows 10,DDR4,8GB,HDD,1TB,44990
ASUS,AMD Ryzen 9 Octa Core,Windows 11,LPDDR5,16GB,SSD,1TB,151990
Lenovo,AMD Ryzen 3 Dual Core,Windows 11,DDR4,8GB,SSD,512GB,35590
ASUS,AMD Ryzen 9 Octa Core,Windows 11,DDR4,16GB,SSD,1TB,150990
ASUS,Intel Core i7,Windows 10,LPDDR3,16GB,SSD,2TB,233990
DELL,Intel Core i5,Windows 11,DDR5,16GB,SSD,512GB,76590
HP,AMD Ryzen 7 Octa Core,Windows 10,DDR4,16GB,SSD,512GB,90000
ASUS,Intel Celeron Dual Core,Chrome,LPDDR4,4GB,EMMC,64GB,23490
Lenovo,AMD Ryzen 7 Octa Core,Windows 11,DDR4,8GB,SSD,512GB,73490
ASUS,AMD Ryzen 9 Octa Core,Windows 11,DDR5,16GB,SSD,1TB,194990
ASUS,Intel Core i7,Windows 11,LPDDR5,16GB,SSD,512GB,125990
Lenovo,Intel Core i5,Windows 10,DDR4,8GB,HDD,1TB,50990
